<application>
  <component name="ProjectManager">
    <defaultProject>
      <component name="PropertiesComponent"><![CDATA[{
  "keyToString": {
    "settings.editor.selected.configurable": "application.passwordSafe"
  }
}]]></component>
      <component name="WindowStateProjectService">
        <state x="421" y="166" key="SettingsEditor" timestamp="1755664272928">
          <screen x="32" y="44" width="1768" height="1125" />
        </state>
        <state x="421" y="166" key="SettingsEditor/32.44.1768.1125/-50.-1055.1920.1055" timestamp="1755664272928" />
        <state x="432" y="166" key="SettingsEditor/46.44.1754.1125/1800.-1055.1920.1055/-120.-1055.1920.1055" timestamp="1749029070680" />
      </component>
    </defaultProject>
  </component>
</application>