<application>
  <component name="RemoteServers">
    <remote-server name="Docker" type="docker">
      <configuration>
        <option name="apiUrl" value="http://127.0.0.1" />
        <option name="autoDetectExePaths" value="true" />
        <option name="certificatesPath" />
        <option name="connected" value="true" />
        <entry contributedKey="DockerSshConnectionConfigurator.SshConfigId" value="62ba3be0-e438-4d23-bbe8-ebc1ada82a1a" />
        <option name="customConfiguratorId" value="DockerSshConnectionConfigurator" />
        <option name="dockerComposeExePath" value="/usr/bin/docker" />
        <option name="dockerExePath" value="/usr/bin/docker" />
      </configuration>
    </remote-server>
  </component>
</application>