<application>
  <component name="Trusted.Paths">
    <option name="TRUSTED_PROJECT_PATHS">
      <map>
        <entry key="$APPLICATION_CONFIG_DIR$/light-edit" value="true" />
        <entry key="$USER_HOME$/work/abcdef" value="true" />
        <entry key="$USER_HOME$/work/cgss-be" value="true" />
        <entry key="$USER_HOME$/work/cgss-fe" value="true" />
        <entry key="$USER_HOME$/work/gamedev" value="true" />
        <entry key="$USER_HOME$/work/gamedev2" value="true" />
        <entry key="$USER_HOME$/work/ghgcope" value="true" />
        <entry key="$USER_HOME$/work/ghgcope-training" value="true" />
        <entry key="$USER_HOME$/work/ghgcope2" value="true" />
        <entry key="$USER_HOME$/work/ghgcope3" value="true" />
      </map>
    </option>
  </component>
  <component name="Trusted.Paths.Settings">
    <option name="TRUSTED_PATHS">
      <list>
        <option value="$USER_HOME$/work" />
      </list>
    </option>
  </component>
</application>