<application>
  <component name="DimensionService">
    <location key="find.popup.0.0.3600.2338@192dpi" x="588" y="318" />
    <location key="find.popup.-50.-1080.1920.1080" x="235" y="-947" />
    <size key="find.popup.0.0.3600.2338@192dpi" width="1352" height="1044" />
    <size key="GridCell.Tab.0.left.0.0.3600.2338@192dpi" width="3404" height="678" />
    <size key="GridCell.Tab.0.center.0.0.3600.2338@192dpi" width="3404" height="678" />
    <size key="GridCell.Tab.0.right.0.0.3600.2338@192dpi" width="3404" height="678" />
    <size key="GridCell.Tab.0.bottom.0.0.3600.2338@192dpi" width="3404" height="678" />
    <size key="GridCell.Tab.1.left.0.0.3600.2338@192dpi" width="3404" height="678" />
    <size key="GridCell.Tab.1.center.0.0.3600.2338@192dpi" width="3404" height="678" />
    <size key="GridCell.Tab.1.right.0.0.3600.2338@192dpi" width="3404" height="678" />
    <size key="GridCell.Tab.1.bottom.0.0.3600.2338@192dpi" width="3404" height="678" />
    <size key="GridCell.Tab.2.left.0.0.3600.2338@192dpi" width="3404" height="678" />
    <size key="GridCell.Tab.2.center.0.0.3600.2338@192dpi" width="3404" height="678" />
    <size key="GridCell.Tab.2.right.0.0.3600.2338@192dpi" width="3404" height="678" />
    <size key="GridCell.Tab.2.bottom.0.0.3600.2338@192dpi" width="3404" height="678" />
    <size key="GridCell.Tab.3.left.0.0.3600.2338@192dpi" width="3404" height="678" />
    <size key="GridCell.Tab.3.center.0.0.3600.2338@192dpi" width="3404" height="678" />
    <size key="GridCell.Tab.3.right.0.0.3600.2338@192dpi" width="3404" height="678" />
    <size key="GridCell.Tab.3.bottom.0.0.3600.2338@192dpi" width="3404" height="678" />
    <size key="find.popup.-50.-1080.1920.1080" width="1116" height="643" />
  </component>
  <component name="WindowManager">
    <frame x="32" y="44" width="960" height="1055" />
  </component>
  <component name="WindowStateApplicationService">
    <state x="976" y="485" width="800" height="650" key="WELCOME_SCREEN" timestamp="1770618082550">
      <screen x="32" y="25" width="1888" height="1055" />
    </state>
    <state x="976" y="485" width="800" height="650" key="WELCOME_SCREEN/69.1124.1800.1125/32.25.1888.1055" timestamp="1770618082550" />
  </component>
</application>