<keymap version="1" name="Azriz Haziq" parent="Mac OS X 10.5+">
  <action id="ActivateCommitToolWindow" />
  <action id="ActivateDatabaseToolWindow">
    <keyboard-shortcut first-keystroke="shift meta 2" />
  </action>
  <action id="ActivateHierarchyToolWindow" />
  <action id="ActivateRunToolWindow" />
  <action id="ActivateServicesToolWindow" />
  <action id="ActivateStructureToolWindow" />
  <action id="ActivateTerminalToolWindow">
    <keyboard-shortcut first-keystroke="meta 0" />
  </action>
  <action id="ActivateVersionControlToolWindow">
    <keyboard-shortcut first-keystroke="meta 8" />
  </action>
  <action id="ActivityTracker-Popup">
    <keyboard-shortcut first-keystroke="shift ctrl alt o" />
  </action>
  <action id="Annotate">
    <keyboard-shortcut first-keystroke="meta 7" />
  </action>
  <action id="AutoIndentLines">
    <keyboard-shortcut first-keystroke="ctrl alt l" />
  </action>
  <action id="Back">
    <keyboard-shortcut first-keystroke="shift meta b" />
  </action>
  <action id="ChangesView.Browse">
    <keyboard-shortcut first-keystroke="shift meta 7" />
  </action>
  <action id="ChangesView.Commit">
    <keyboard-shortcut first-keystroke="meta 7" />
  </action>
  <action id="ChooseDebugConfiguration" />
  <action id="CodeVision.ShowMore">
    <keyboard-shortcut first-keystroke="shift meta j" />
  </action>
  <action id="CollapseAll" />
  <action id="CollapseAllRegions">
    <keyboard-shortcut first-keystroke="shift meta minus" />
  </action>
  <action id="CollapseExpandableComponent">
    <keyboard-shortcut first-keystroke="shift enter" />
    <keyboard-shortcut first-keystroke="meta subtract" />
  </action>
  <action id="CollapseRegion">
    <keyboard-shortcut first-keystroke="meta minus" />
  </action>
  <action id="CommentByBlockComment">
    <keyboard-shortcut first-keystroke="ctrl meta slash" />
  </action>
  <action id="CompareTwoFiles" />
  <action id="Console.TableResult.AddColumn" />
  <action id="Console.TableResult.Reload">
    <keyboard-shortcut first-keystroke="meta back_slash" />
  </action>
  <action id="DatabaseView.DropAction">
    <keyboard-shortcut first-keystroke="meta back_space" />
  </action>
  <action id="Diff.NextChange" />
  <action id="Diff.PrevChange" />
  <action id="Diff.ShowDiff" />
  <action id="Diff.ShowSettingsPopup" />
  <action id="DummyText">
    <keyboard-shortcut first-keystroke="meta semicolon" />
  </action>
  <action id="EditorDown">
    <keyboard-shortcut first-keystroke="down" />
  </action>
  <action id="EditorDuplicate">
    <keyboard-shortcut first-keystroke="shift meta d" />
  </action>
  <action id="EditorToggleColumnMode" />
  <action id="ExpandAll">
    <keyboard-shortcut first-keystroke="meta add" />
  </action>
  <action id="ExpandAllRegions">
    <keyboard-shortcut first-keystroke="shift meta equals" />
  </action>
  <action id="ExpandExpandableComponent">
    <keyboard-shortcut first-keystroke="shift enter" />
    <keyboard-shortcut first-keystroke="meta add" />
  </action>
  <action id="ExpandRegion">
    <keyboard-shortcut first-keystroke="meta equals" />
  </action>
  <action id="ExternalSystem.CollapseAll" />
  <action id="ExternalSystem.ExpandAll">
    <keyboard-shortcut first-keystroke="meta add" />
  </action>
  <action id="FileChooser.GotoDesktop" />
  <action id="FileChooser.TogglePathShowing" />
  <action id="FileStructurePopup">
    <keyboard-shortcut first-keystroke="meta r" />
  </action>
  <action id="Forward" />
  <action id="GotoFile">
    <keyboard-shortcut first-keystroke="meta p" />
  </action>
  <action id="GotoSymbol">
    <keyboard-shortcut first-keystroke="shift meta p" />
  </action>
  <action id="GotoTest" />
  <action id="GotoTypeDeclaration">
    <keyboard-shortcut first-keystroke="shift ctrl b" />
    <mouse-shortcut keystroke="shift meta button1" />
  </action>
  <action id="HideAllWindows">
    <keyboard-shortcut first-keystroke="shift ctrl meta equals" />
  </action>
  <action id="Images.Editor.ZoomIn">
    <keyboard-shortcut first-keystroke="meta add" />
  </action>
  <action id="Images.Editor.ZoomOut" />
  <action id="Images.ShowThumbnails" />
  <action id="LocalHistory.ShowHistory">
    <keyboard-shortcut first-keystroke="meta 9" />
  </action>
  <action id="MarkExcludeRoot">
    <keyboard-shortcut first-keystroke="ctrl meta x" />
  </action>
  <action id="MarkResourceRoot">
    <keyboard-shortcut first-keystroke="ctrl meta r" />
  </action>
  <action id="MoveTabDown">
    <keyboard-shortcut first-keystroke="shift ctrl h" />
  </action>
  <action id="MoveTabRight">
    <keyboard-shortcut first-keystroke="shift ctrl v" />
  </action>
  <action id="NewScratchBuffer">
    <keyboard-shortcut first-keystroke="ctrl n" />
  </action>
  <action id="NextSplitter">
    <keyboard-shortcut first-keystroke="meta close_bracket" />
  </action>
  <action id="NextTab">
    <keyboard-shortcut first-keystroke="shift meta close_bracket" />
  </action>
  <action id="OpenFile">
    <keyboard-shortcut first-keystroke="shift meta o" />
  </action>
  <action id="OpenInBrowser">
    <keyboard-shortcut first-keystroke="ctrl meta b" />
  </action>
  <action id="ParameterInfo" />
  <action id="PrevSplitter">
    <keyboard-shortcut first-keystroke="meta open_bracket" />
  </action>
  <action id="PreviousTab">
    <keyboard-shortcut first-keystroke="shift meta open_bracket" />
  </action>
  <action id="ProblemsView.CollapseAll" />
  <action id="ProblemsView.ExpandAll">
    <keyboard-shortcut first-keystroke="meta add" />
  </action>
  <action id="ReformatWithPrettierAction">
    <keyboard-shortcut first-keystroke="shift meta l" />
  </action>
  <action id="Refresh" />
  <action id="RenameElement">
    <keyboard-shortcut first-keystroke="meta 4" />
  </action>
  <action id="ReopenClosedTab">
    <keyboard-shortcut first-keystroke="shift meta t" />
  </action>
  <action id="Replace" />
  <action id="Rerun" />
  <action id="RerunTests">
    <keyboard-shortcut first-keystroke="shift alt r" />
  </action>
  <action id="RevealIn">
    <keyboard-shortcut first-keystroke="alt k" />
  </action>
  <action id="SelectInProjectView">
    <keyboard-shortcut first-keystroke="alt s" />
  </action>
  <action id="SelectNextOccurrence">
    <keyboard-shortcut first-keystroke="meta d" />
  </action>
  <action id="SendEOF" />
  <action id="ServiceView.ShowServices" />
  <action id="ShelvedChanges.Diff" />
  <action id="ShowColorPicker">
    <keyboard-shortcut first-keystroke="shift ctrl c" />
  </action>
  <action id="ShowProjectStructureSettings" />
  <action id="ShowUsages">
    <keyboard-shortcut first-keystroke="meta alt o" />
  </action>
  <action id="SwitchApply">
    <keyboard-shortcut first-keystroke="ctrl alt enter" />
  </action>
  <action id="SwitchDown">
    <keyboard-shortcut first-keystroke="ctrl alt down" />
  </action>
  <action id="SwitchLeft">
    <keyboard-shortcut first-keystroke="ctrl alt left" />
  </action>
  <action id="SwitchRight">
    <keyboard-shortcut first-keystroke="ctrl alt right" />
  </action>
  <action id="SwitchUp">
    <keyboard-shortcut first-keystroke="ctrl alt up" />
  </action>
  <action id="Symfony2Symbols">
    <keyboard-shortcut first-keystroke="shift meta o" />
  </action>
  <action id="ToggleInlineHintsAction">
    <keyboard-shortcut first-keystroke="meta h" />
  </action>
  <action id="TypeHierarchy" />
  <action id="TypeHierarchyBase.BaseOnThisType" />
  <action id="Uml.ShowDiff" />
  <action id="UnsplitAll">
    <keyboard-shortcut first-keystroke="ctrl meta v" />
  </action>
  <action id="UsageView.Rerun" />
  <action id="Vcs.QuickListPopupAction" />
  <action id="Vcs.ShowTabbedFileHistory">
    <keyboard-shortcut first-keystroke="shift meta 8" />
  </action>
  <action id="XDebugger.CopyWatch" />
  <action id="openAssertEqualsDiff" />
  <action id="org.intellij.plugins.markdown.ui.actions.editorLayout.CyclicSplitLayoutChangeAction" />
</keymap>