<keymap version="1" name="Default copy" parent="Mac OS X 10.5+">
  <action id="ActivateBookmarksToolWindow" />
  <action id="ActivateCommitToolWindow" />
  <action id="ActivateFavoritesToolWindow">
    <keyboard-shortcut first-keystroke="meta 4" />
  </action>
  <action id="ActivateFindToolWindow" />
  <action id="ActivateStructureToolWindow">
    <keyboard-shortcut first-keystroke="meta 3" />
  </action>
  <action id="ActivateTerminalToolWindow">
    <keyboard-shortcut first-keystroke="alt f12" />
    <keyboard-shortcut first-keystroke="meta 2" />
  </action>
  <action id="ActivateTinkerwellToolWindow">
    <keyboard-shortcut first-keystroke="meta 0" />
  </action>
  <action id="Arrangement.Rule.Match.Condition.Move.Down" />
  <action id="Arrangement.Rule.Match.Condition.Move.Up" />
  <action id="ChangesView.Move" />
  <action id="CloseProject">
    <keyboard-shortcut first-keystroke="meta f4" />
  </action>
  <action id="CommentByBlockComment">
    <keyboard-shortcut first-keystroke="meta alt slash" />
    <keyboard-shortcut first-keystroke="meta alt divide" />
    <keyboard-shortcut first-keystroke="shift ctrl slash" />
    <keyboard-shortcut first-keystroke="shift ctrl divide" />
    <keyboard-shortcut first-keystroke="shift meta divide" />
    <keyboard-shortcut first-keystroke="shift meta divide" />
    <keyboard-shortcut first-keystroke="shift meta semicolon" />
  </action>
  <action id="CommentByLineComment">
    <keyboard-shortcut first-keystroke="meta divide" />
    <keyboard-shortcut first-keystroke="meta semicolon" />
  </action>
  <action id="DuplicatesForm.SendToRight" />
  <action id="EditorLookupDown" />
  <action id="EditorLookupUp" />
  <action id="EditorMoveToPageBottomWithSelection" />
  <action id="EditorSelectWord">
    <keyboard-shortcut first-keystroke="alt down" />
  </action>
  <action id="EditorUnSelectWord">
    <keyboard-shortcut first-keystroke="alt up" />
  </action>
  <action id="FileChooser.GotoProject" />
  <action id="FindNext" />
  <action id="FindPrevious" />
  <action id="GotoFile">
    <keyboard-shortcut first-keystroke="shift meta o" />
    <keyboard-shortcut first-keystroke="shift meta j" />
  </action>
  <action id="GotoTest" />
  <action id="RecentFiles" />
  <action id="ReformatCode">
    <keyboard-shortcut first-keystroke="meta alt l" />
    <keyboard-shortcut first-keystroke="shift meta i" />
  </action>
  <action id="ReopenClosedTab">
    <keyboard-shortcut first-keystroke="meta e" />
  </action>
  <action id="SelectAllOccurrences">
    <keyboard-shortcut first-keystroke="shift meta g" />
  </action>
  <action id="SelectNextOccurrence">
    <keyboard-shortcut first-keystroke="meta g" />
  </action>
  <action id="ServiceView.ShowServices" />
  <action id="ShowContent" />
  <action id="ShowSearchHistory" />
  <action id="SplitVertically">
    <keyboard-shortcut first-keystroke="meta back_slash" />
  </action>
  <action id="TabSwitchPlugin.SwitchTab">
    <keyboard-shortcut first-keystroke="shift meta w" />
  </action>
  <action id="Tinkerwell.Run">
    <keyboard-shortcut first-keystroke="meta alt r" second-keystroke="t" />
    <keyboard-shortcut first-keystroke="shift meta t" />
  </action>
  <action id="Unsplit">
    <keyboard-shortcut first-keystroke="shift meta back_slash" />
  </action>
  <action id="Vcs.MoveChangedLinesToChangelist" />
  <action id="Vcs.ShowMessageHistory">
    <keyboard-shortcut first-keystroke="ctrl m" />
  </action>
  <action id="WrapTagAction">
    <keyboard-shortcut first-keystroke="shift meta p" />
  </action>
</keymap>